{
    "poolInfo": {
        "inputs": [
            {
                "internalType": "uint256",
                "name": "",
                "type": "uint256"
            }
        ],
        "name": "poolInfo",
        "outputs": [
            {
                "internalType": "contract IERC20",
                "name": "token",
                "type": "address"
            },
            {
                "internalType": "uint256",
                "name": "allocPoint",
                "type": "uint256"
            },
            {
                "internalType": "uint256",
                "name": "lastRewardTime",
                "type": "uint256"
            },
            {
                "internalType": "uint256",
                "name": "accTombPerShare",
                "type": "uint256"
            },
            {
                "internalType": "bool",
                "name": "isStarted",
                "type": "bool"
            }
        ],
        "stateMutability": "view",
        "type": "function"
    },
    "symbol": {
        "inputs": [],
        "name": "symbol",
        "outputs": [
            {
                "internalType": "string",
                "name": "",
                "type": "string"
            }
        ],
        "stateMutability": "view",
        "type": "function"
    }
}