{
  "stakedTokenTotal": {
    "inputs": [
      {
        "internalType": "address",
        "name": "",
        "type": "address"
      }
    ],
    "name": "stakedTokenTotal",
    "outputs": [
      {
        "internalType": "uint256",
        "name": "",
        "type": "uint256"
      }
    ],
    "stateMutability": "view",
    "type": "function"
  },
  "getNumTokensStaked": {
    "inputs": [],
    "name": "getNumTokensStaked",
    "outputs": [
      {
        "internalType": "uint256",
        "name": "num",
        "type": "uint256"
      }
    ],
    "stateMutability": "view",
    "type": "function"
  },
  "getTokenStakedAt": {
    "inputs": [
      {
        "internalType": "uint256",
        "name": "index",
        "type": "uint256"
      }
    ],
    "name": "getTokenStakedAt",
    "outputs": [
      {
        "internalType": "address",
        "name": "token",
        "type": "address"
      }
    ],
    "stateMutability": "view",
    "type": "function"
  }
}
