{
  "count": {
    "inputs": [],
    "name": "count",
    "outputs": [
      {
        "internalType": "uint256",
        "name": "",
        "type": "uint256"
      }
    ],
    "stateMutability": "view",
    "type": "function"
  },
  "list": {
    "inputs": [
      {
        "internalType": "uint256",
        "name": "offset",
        "type": "uint256"
      },
      {
        "internalType": "uint256",
        "name": "limit",
        "type": "uint256"
      }
    ],
    "name": "list",
    "outputs": [
      {
        "internalType": "address[]",
        "name": "_policyBooksArr",
        "type": "address[]"
      }
    ],
    "stateMutability": "view",
    "type": "function"
  },
  "getShieldTokenAddress": {
    "inputs": [
      {
        "internalType": "address",
        "name": "_policyBook",
        "type": "address"
      }
    ],
    "name": "getShieldTokenAddress",
    "outputs": [
      {
        "internalType": "address",
        "name": "",
        "type": "address"
      }
    ],
    "stateMutability": "view",
    "type": "function"
  },
  "virtualUsdtAccumulatedBalance": {
    "inputs": [],
    "name": "virtualUsdtAccumulatedBalance",
    "outputs": [
      {
        "internalType": "uint256",
        "name": "",
        "type": "uint256"
      }
    ],
    "stateMutability": "view",
    "type": "function"
  }
}
