{
    "poolInfo": {
        "inputs": [
            {
                "internalType": "uint256",
                "name": "",
                "type": "uint256"
            }
        ],
        "name": "poolInfo",
        "outputs": [
            {
                "internalType": "uint256",
                "name": "pid",
                "type": "uint256"
            },
            {
                "internalType": "contract IERC20",
                "name": "depositToken",
                "type": "address"
            },
            {
                "internalType": "contract IERC20",
                "name": "earnToken",
                "type": "address"
            },
            {
                "internalType": "uint256",
                "name": "allocPoint",
                "type": "uint256"
            },
            {
                "internalType": "uint256",
                "name": "lastUpdateBlock",
                "type": "uint256"
            },
            {
                "internalType": "uint256",
                "name": "lastRewardAmount",
                "type": "uint256"
            },
            {
                "internalType": "uint256",
                "name": "lastEarnAmount",
                "type": "uint256"
            },
            {
                "internalType": "uint256",
                "name": "accRewardPerShare",
                "type": "uint256"
            },
            {
                "internalType": "uint256",
                "name": "accEarnPerShare",
                "type": "uint256"
            },
            {
                "internalType": "uint16",
                "name": "tokenType",
                "type": "uint16"
            },
            {
                "internalType": "bool",
                "name": "added",
                "type": "bool"
            }
        ],
        "stateMutability": "view",
        "type": "function"
    },
    "poolLength": {
        "inputs": [],
        "name": "poolLength",
        "outputs": [
            {
                "internalType": "uint256",
                "name": "",
                "type": "uint256"
            }
        ],
        "stateMutability": "view",
        "type": "function"
    },
    "getDepositTokenSupply": {
        "inputs": [
            {
                "internalType": "uint256",
                "name": "_pid",
                "type": "uint256"
            }
        ],
        "name": "getDepositTokenSupply",
        "outputs": [
            {
                "internalType": "uint256",
                "name": "",
                "type": "uint256"
            }
        ],
        "stateMutability": "view",
        "type": "function"
    }
}