{
  "name": "Aitd Mainnet",
  "chain": "AITD",
  "icon": "aitd",
  "rpc": ["https://walletrpc.aitd.io", "https://node.aitd.io"],
  "faucets": [],
  "nativeCurrency": {
    "name": "AITD Mainnet",
    "symbol": "AITD",
    "decimals": 18
  },
  "infoURL": "https://www.aitd.io/",
  "shortName": "aitd",
  "chainId": 1319,
  "networkId": 1319,

  "explorers": [
    {
      "name": "AITD Chain Explorer Mainnet",
      "url": "https://aitd-explorer-new.aitd.io",
      "standard": "EIP3091"
    }
  ]
}
