{
  "name": "Canto",
  "chain": "Canto",
  "rpc": ["https://canto.slingshot.finance"],
  "faucets": [],
  "nativeCurrency": {
    "name": "Canto",
    "symbol": "CANTO",
    "decimals": 18
  },
  "infoURL": "https://canto.io",
  "shortName": "canto",
  "chainId": 7700,
  "networkId": 7700,
  "explorers": [
    {
      "name": "Canto EVM Explorer (Blockscout)",
      "url": "https://evm.explorer.canto.io",
      "standard": "none"
    },
    {
      "name": "Canto Cosmos Explorer (BigDipper)",
      "url": "https://cosmos.explorer.canto.io",
      "standard": "none"
    }
  ]
}
