{
  "name": "OneLedger Testnet Frankenstein",
  "chain": "OLT",
  "icon": "oneledger",
  "rpc": ["https://frankenstein-rpc.oneledger.network"],
  "faucets": ["https://frankenstein-faucet.oneledger.network"],
  "nativeCurrency": {
    "name": "OLT",
    "symbol": "OLT",
    "decimals": 18
  },
  "infoURL": "https://oneledger.io",
  "shortName": "frankenstein",
  "chainId": 4216137055,
  "networkId": 4216137055,
  "explorers": [
    {
      "name": "OneLedger Block Explorer",
      "url": "https://frankenstein-explorer.oneledger.network",
      "standard": "EIP3091"
    }
  ]
}
