{
  "name": "Rabbit Analog Testnet Chain",
  "chain": "rAna",
  "icon": "rabbit",
  "rpc": ["https://rabbit.analog-rpc.com"],
  "faucets": ["https://analogfaucet.com"],
  "nativeCurrency": {
    "name": "Rabbit Analog Test Chain Native Token ",
    "symbol": "rAna",
    "decimals": 18
  },
  "infoURL": "https://rabbit.analogscan.com",
  "shortName": "rAna",
  "chainId": 1807,
  "networkId": 1807,
  "explorers": [
    {
      "name": "blockscout",
      "url": "https://rabbit.analogscan.com",
      "standard": "none"
    }
  ]
}
