{
  "name": "Filecoin — Wallaby testnet",
  "chain": "FIL",
  "status": "incubating",
  "rpc": ["https://wallaby.node.glif.io/rpc/v0"],
  "faucets": ["https://wallaby.network/#faucet"],
  "nativeCurrency": {
    "name": "testnet filecoin",
    "symbol": "tFIL",
    "decimals": 18
  },
  "infoURL": "https://filecoin.io",
  "shortName": "filecoin-wallaby",
  "icon": "filecoin",
  "chainId": 31415,
  "networkId": 31415,
  "slip44": 1,
  "explorers": [
    {
      "name": "Filscan",
      "url": "https://wallaby.filscan.io",
      "standard": "none"
    }
  ]
}
