{
  "name": "Metis Goerli Testnet",
  "chain": "ETH",
  "rpc": ["https://goerli.gateway.metisdevops.link"],
  "faucets": ["https://goerli.faucet.metisdevops.link"],
  "nativeCurrency": {
    "name": "Goerli Metis",
    "symbol": "METIS",
    "decimals": 18
  },
  "infoURL": "https://www.metis.io",
  "shortName": "metis-goerli",
  "chainId": 599,
  "networkId": 599,
  "explorers": [
    {
      "name": "blockscout",
      "url": "https://goerli.explorer.metisdevops.link",
      "standard": "EIP3091"
    }
  ],
  "parent": {
    "type": "L2",
    "chain": "eip155-4",
    "bridges": [{ "url": "https://testnet-bridge.metis.io" }]
  }
}
