{
  "name": "Proof Of Memes",
  "title": "Proof Of Memes Mainnet",
  "chain": "POM",
  "icon": "pom",
  "rpc": ["https://mainnet-rpc.memescan.io"],
  "faucets": [],
  "nativeCurrency": {
    "name": "Proof Of Memes",
    "symbol": "POM",
    "decimals": 18
  },
  "infoURL": "https://proofofmemes.org",
  "shortName": "pom",
  "chainId": 18159,
  "networkId": 18159,
  "explorers": [
    {
      "name": "explorer-proofofmemes",
      "url": "https://memescan.io",
      "standard": "EIP3091"
    }
  ]
}
