{
  "name": "Qitmeer",
  "chain": "MEER",
  "rpc": [
    "https://evm-dataseed3.meerscan.io",
    "https://evm-dataseed1.meerscan.com",
    "https://evm-dataseed.meerscan.com"
  ],
  "faucets": [],
  "nativeCurrency": {
    "name": "Qitmeer",
    "symbol": "MEER",
    "decimals": 18
  },
  "infoURL": "https://github.com/Qitmeer",
  "shortName": "meer",
  "chainId": 813,
  "networkId": 813,
  "slip44": 813,
  "explorers": [
    {
      "name": "meerscan",
      "url": "https://evm.meerscan.com",
      "standard": "none"
    }
  ]
}
