{
  "name": "Nebula Testnet",
  "chain": "NTN",
  "icon": "nebulatestnet",
  "rpc": ["https://testnet.rpc.novanetwork.io:9070"],
  "faucets": ["https://faucet.novanetwork.io"],
  "nativeCurrency": {
    "name": "Nebula X",
    "symbol": "NBX",
    "decimals": 18
  },
  "infoURL": "https://novanetwork.io",
  "shortName": "ntn",
  "chainId": 107,
  "networkId": 107,
  "explorers": [
    {
      "name": "nebulatestnet",
      "url": "https://explorer.novanetwork.io",
      "standard": "EIP3091"
    }
  ]
}
