{
  "name": "Filecoin — Mainnet",
  "chain": "FIL",
  "status": "incubating",
  "rpc": ["https://api.node.glif.io/rpc/v0"],
  "faucets": [],
  "nativeCurrency": {
    "name": "filecoin",
    "symbol": "FIL",
    "decimals": 18
  },
  "infoURL": "https://filecoin.io",
  "shortName": "filecoin",
  "icon": "filecoin",
  "chainId": 314,
  "networkId": 314,
  "slip44": 461,
  "explorers": [
    {
      "name": "Filfox",
      "url": "https://filfox.info/en",
      "standard": "none"
    },
    {
      "name": "Filscan",
      "url": "https://filscan.io",
      "standard": "none"
    },
    {
      "name": "Filscout",
      "url": "https://filscout.io/en",
      "standard": "none"
    }
  ]
}
