{
    "getLeverage": {
      "inputs": [],
      "name": "leverageLevel",
      "outputs": [
        {
          "internalType": "uint256",
          "name": "",
          "type": "uint256"
        }
      ],
      "stateMutability": "view",
      "type": "function"
    },
    "getEquityETHValue": {
      "inputs": [],
      "name": "getEquityETHValue",
      "outputs": [
        {
          "internalType": "uint256",
          "name": "",
          "type": "uint256"
        }
      ],
      "stateMutability": "view",
      "type": "function"
    },
    "getETHPx": {
      "inputs": [
        {
          "internalType": "address",
          "name": "oracle",
          "type": "address"
        },
        {
          "internalType": "address",
          "name": "token",
          "type": "address"
        }
      ],
      "name": "getETHPx",
      "outputs": [
        {
          "internalType": "uint256",
          "name": "",
          "type": "uint256"
        }
      ],
      "stateMutability": "view",
      "type": "function"
    }
}
