{
    "poolInfo": {
        "inputs": [
            {
                "internalType": "uint256",
                "name": "",
                "type": "uint256"
            }
        ],
        "name": "poolInfo",
        "outputs": [
            {
                "internalType": "contract IBEP20",
                "name": "lpToken",
                "type": "address"
            },
            {
                "internalType": "uint256",
                "name": "allocPoint",
                "type": "uint256"
            },
            {
                "internalType": "uint256",
                "name": "lastRewardBlock",
                "type": "uint256"
            },
            {
                "internalType": "uint256",
                "name": "accCakePerShare",
                "type": "uint256"
            }
        ],
        "stateMutability": "view",
        "type": "function"
    },
    "poolLength": {
        "inputs": [],
        "name": "poolLength",
        "outputs": [
            {
                "internalType": "uint256",
                "name": "",
                "type": "uint256"
            }
        ],
        "stateMutability": "view",
        "type": "function"
    }
}