{
  "inputs": [],
  "name": "getVaultState",
  "outputs": [
    {
      "components": [
        {
          "internalType": "uint256",
          "name": "balance",
          "type": "uint256"
        },
        {
          "internalType": "uint256",
          "name": "tvl",
          "type": "uint256"
        },
        {
          "internalType": "uint256",
          "name": "debtRatioLimit",
          "type": "uint256"
        }
      ],
      "type": "tuple"
    }
  ],
  "stateMutability": "view",
  "type": "function"
}