{
  "allPairsLength": {
    "constant": true,
    "inputs": [],
    "name": "allPairsLength",
    "outputs": [{ "internalType": "uint256", "name": "", "type": "uint256" }],
    "payable": false,
    "stateMutability": "view",
    "type": "function"
  },
  "allPairs": {
    "constant": true,
    "inputs": [{ "internalType": "uint256", "name": "", "type": "uint256" }],
    "name": "allPairs",
    "outputs": [{ "internalType": "address", "name": "", "type": "address" }],
    "payable": false,
    "stateMutability": "view",
    "type": "function"
  }
}
