{
  "totalDeposit": {
    "constant": true,
    "inputs": [],
    "name": "totalDeposit",
    "outputs": [
      {
        "internalType": "uint256",
        "name": "",
        "type": "uint256"
      }
    ],
    "payable": false,
    "stateMutability": "view",
    "type": "function"
  },
  "stablecoin": {
    "constant": true,
    "inputs": [],
    "name": "stablecoin",
    "outputs": [
      {
        "internalType": "contract ERC20",
        "name": "",
        "type": "address"
      }
    ],
    "payable": false,
    "stateMutability": "view",
    "type": "function"
  },
  "calculateInterestAmount": {
    "constant": false,
    "inputs": [
      {
        "internalType": "uint256",
        "name": "depositAmount",
        "type": "uint256"
      },
      {
        "internalType": "uint256",
        "name": "depositPeriodInSeconds",
        "type": "uint256"
      }
    ],
    "name": "calculateInterestAmount",
    "outputs": [
      {
        "internalType": "uint256",
        "name": "interestAmount",
        "type": "uint256"
      }
    ],
    "payable": false,
    "stateMutability": "nonpayable",
    "type": "function"
  },
  "symbol": {
    "constant": true,
    "inputs": [],
    "name": "symbol",
    "outputs": [
      {
        "internalType": "string",
        "name": "",
        "type": "string"
      }
    ],
    "payable": false,
    "stateMutability": "view",
    "type": "function"
  }
}