{
    "calcPoolValueInToken": {
        "inputs": [],
        "name": "calcPoolValueInToken",
        "outputs": [
            {
                "internalType": "uint256",
                "name": "",
                "type": "uint256"
            }
        ],
        "stateMutability": "view",
        "type": "function"
    },
    "token": {
        "inputs": [],
        "name": "token",
        "outputs": [
            {
                "internalType": "address",
                "name": "",
                "type": "address"
            }
        ],
        "stateMutability": "view",
        "type": "function"
    }
}