[
  {
    "inputs": [
      {
        "internalType": "address",
        "name": "user",
        "type": "address"
      }
    ],
    "name": "getReservesData",
    "outputs": [
      {
        "components": [
          {
            "internalType": "address",
            "name": "underlyingAsset",
            "type": "address"
          },
          {
            "internalType": "address",
            "name": "pricingAsset",
            "type": "address"
          },
          {
            "internalType": "string",
            "name": "name",
            "type": "string"
          },
          {
            "internalType": "string",
            "name": "symbol",
            "type": "string"
          },
          {
            "internalType": "uint256",
            "name": "decimals",
            "type": "uint256"
          },
          {
            "internalType": "uint256",
            "name": "baseLTVasCollateral",
            "type": "uint256"
          },
          {
            "internalType": "uint256",
            "name": "reserveLiquidationThreshold",
            "type": "uint256"
          },
          {
            "internalType": "uint256",
            "name": "reserveLiquidationBonus",
            "type": "uint256"
          },
          {
            "internalType": "uint256",
            "name": "reserveFactor",
            "type": "uint256"
          },
          {
            "internalType": "bool",
            "name": "usageAsCollateralEnabled",
            "type": "bool"
          },
          {
            "internalType": "bool",
            "name": "borrowingEnabled",
            "type": "bool"
          },
          {
            "internalType": "bool",
            "name": "stableBorrowRateEnabled",
            "type": "bool"
          },
          {
            "internalType": "bool",
            "name": "isActive",
            "type": "bool"
          },
          {
            "internalType": "bool",
            "name": "isFrozen",
            "type": "bool"
          },
          {
            "internalType": "uint128",
            "name": "liquidityIndex",
            "type": "uint128"
          },
          {
            "internalType": "uint128",
            "name": "variableBorrowIndex",
            "type": "uint128"
          },
          {
            "internalType": "uint128",
            "name": "liquidityRate",
            "type": "uint128"
          },
          {
            "internalType": "uint128",
            "name": "variableBorrowRate",
            "type": "uint128"
          },
          {
            "internalType": "uint128",
            "name": "stableBorrowRate",
            "type": "uint128"
          },
          {
            "internalType": "uint40",
            "name": "lastUpdateTimestamp",
            "type": "uint40"
          },
          {
            "internalType": "address",
            "name": "depositTokenAddress",
            "type": "address"
          },
          {
            "internalType": "address",
            "name": "stableDebtTokenAddress",
            "type": "address"
          },
          {
            "internalType": "address",
            "name": "variableDebtTokenAddress",
            "type": "address"
          },
          {
            "internalType": "address",
            "name": "strategy",
            "type": "address"
          },
          {
            "internalType": "bool",
            "name": "isExternalStrategy",
            "type": "bool"
          },
          {
            "internalType": "uint256",
            "name": "availableLiquidity",
            "type": "uint256"
          },
          {
            "internalType": "uint256",
            "name": "totalPrincipalStableDebt",
            "type": "uint256"
          },
          {
            "internalType": "uint256",
            "name": "averageStableRate",
            "type": "uint256"
          },
          {
            "internalType": "uint256",
            "name": "totalStableDebt",
            "type": "uint256"
          },
          {
            "internalType": "uint256",
            "name": "stableDebtLastUpdateTimestamp",
            "type": "uint256"
          },
          {
            "internalType": "uint256",
            "name": "totalScaledVariableDebt",
            "type": "uint256"
          },
          {
            "internalType": "uint256",
            "name": "priceInEth",
            "type": "uint256"
          }
        ],
        "internalType": "struct IUiPoolDataProvider.AggregatedReserveData[]",
        "name": "",
        "type": "tuple[]"
      },
      {
        "components": [
          {
            "internalType": "address",
            "name": "underlyingAsset",
            "type": "address"
          },
          {
            "internalType": "uint256",
            "name": "scaledDepositTokenBalance",
            "type": "uint256"
          },
          {
            "internalType": "bool",
            "name": "usageAsCollateralEnabledOnUser",
            "type": "bool"
          },
          {
            "internalType": "uint256",
            "name": "stableBorrowRate",
            "type": "uint256"
          },
          {
            "internalType": "uint256",
            "name": "scaledVariableDebt",
            "type": "uint256"
          },
          {
            "internalType": "uint256",
            "name": "principalStableDebt",
            "type": "uint256"
          },
          {
            "internalType": "uint256",
            "name": "stableBorrowLastUpdateTimestamp",
            "type": "uint256"
          }
        ],
        "internalType": "struct IUiPoolDataProvider.UserReserveData[]",
        "name": "",
        "type": "tuple[]"
      },
      {
        "internalType": "uint256",
        "name": "",
        "type": "uint256"
      }
    ],
    "stateMutability": "view",
    "type": "function"
  }
]