{
    "bankAddress": "0x3bb5f6285c312fc7e1877244103036ebbeda193d",
    "WBNBAddress": "0xbb4cdb9cbd36b01bd1cbaebf2de08d9173bc095c",
    "pools": [
      {
        "exchange": "Pancake V1",
        "name": "BNB/CAKE",
        "id": 1,
        "tokenAddress": "0x0e09fabb73bd3ade0a17ecc321fd13a19e81ce82",
        "goblinAddress": "0xaa00f2b7dd0de46c6fc9655dbadd80ac91a66869",
        "lpTokenAddress": "0xa527a61703d82139f8a06bc30097cc9caa2df5a6",
        "lpStakingAddress": "0x73feaa1ee314f8c655e354234017be2193c9e24e",
        "hasTradingFeeAPY": true,
        "hasFarmingAPY": true,
        "leverages": [1, 1.5, 2, 2.5],
        "logo": "/static/tokens/cake.png"
      },
      {
        "exchange": "Pancake V1",
        "name": "BNB/BUSD",
        "id": 2,
        "tokenAddress": "0xe9e7cea3dedca5984780bafc599bd69add087d56",
        "goblinAddress": "0x08d871ddad70bd3aef3fecfbf4350debc57d8264",
        "lpTokenAddress": "0x1b96b92314c44b159149f7e0303511fb2fc4774f",
        "lpStakingAddress": "0x73feaa1ee314f8c655e354234017be2193c9e24e",
        "hasTradingFeeAPY": true,
        "hasFarmingAPY": true,
        "leverages": [1, 1.5, 2, 2.5, 3],
        "logo": "/static/tokens/busd.png"
      },
      {
        "exchange": "Pancake V1",
        "name": "BNB/BTCB",
        "id": 15,
        "tokenAddress": "0x7130d2a12b9bcbfae4f2634d864a1ee1ce3ead9c",
        "goblinAddress": "0x549ef362657a3e3923793a494db3d89e3e5fda35",
        "lpTokenAddress": "0x7561eee90e24f3b348e1087a005f78b4c8453524",
        "lpStakingAddress": "0x73feaa1ee314f8c655e354234017be2193c9e24e",
        "hasTradingFeeAPY": true,
        "hasFarmingAPY": true,
        "leverages": [1, 1.5, 2, 2.5, 3],
        "logo": "/static/tokens/btcb.png"
      },
      {
        "exchange": "Pancake V1",
        "name": "BNB/ETH",
        "id": 14,
        "tokenAddress": "0x2170ed0880ac9a755fd29b2688956bd959f933f8",
        "goblinAddress": "0x2f050b64ede3b1d21184435974bb1d2fe02012b6",
        "lpTokenAddress": "0x70d8929d04b60af4fb9b58713ebcf18765ade422",
        "lpStakingAddress": "0x73feaa1ee314f8c655e354234017be2193c9e24e",
        "hasTradingFeeAPY": true,
        "hasFarmingAPY": true,
        "leverages": [1, 1.5, 2, 2.5, 3],
        "logo": "/static/tokens/eth.png"
      },
      {
        "exchange": "Pancake V1",
        "name": "BNB/USDT",
        "id": 17,
        "tokenAddress": "0x55d398326f99059ff775485246999027b3197955",
        "goblinAddress": "0x3974071481dad49ac94ca1756f311c872ec3e26e",
        "lpTokenAddress": "0x20bcc3b8a0091ddac2d0bc30f68e6cbb97de59cd",
        "lpStakingAddress": "0x73feaa1ee314f8c655e354234017be2193c9e24e",
        "hasTradingFeeAPY": true,
        "hasFarmingAPY": true,
        "leverages": [1, 1.5, 2, 2.5, 3],
        "logo": "/static/tokens/usdt.png"
      },
      {
        "exchange": "Pancake V1",
        "name": "BNB/UNI",
        "id": 25,
        "tokenAddress": "0xbf5140a22578168fd562dccf235e5d43a02ce9b1",
        "goblinAddress": "0xfdcdf8d07db8c5b33fbf46f41eced421d9d32bee",
        "lpTokenAddress": "0x4269e7f43a63cea1ad7707be565a94a9189967e9",
        "lpStakingAddress": "0x73feaa1ee314f8c655e354234017be2193c9e24e",
        "hasTradingFeeAPY": true,
        "hasFarmingAPY": true,
        "leverages": [1, 1.5, 2, 2.5, 3],
        "logo": "/static/tokens/uni.png"
      },
      {
        "exchange": "Pancake V1",
        "name": "BNB/LINK",
        "id": 7,
        "tokenAddress": "0xf8a0bf9cf54bb92f17374d9e9a321e6a111a51bd",
        "goblinAddress": "0x047683a9a7958c02ca86b6eecea1f8acfbd54f4f",
        "lpTokenAddress": "0xaebe45e3a03b734c68e5557ae04bfc76917b4686",
        "lpStakingAddress": "0x73feaa1ee314f8c655e354234017be2193c9e24e",
        "hasTradingFeeAPY": true,
        "hasFarmingAPY": true,
        "leverages": [1, 1.5, 2, 2.5, 3],
        "logo": "/static/tokens/link.png"
      },
      {
        "exchange": "Pancake V1",
        "name": "BNB/BAND",
        "id": 4,
        "tokenAddress": "0xad6caeb32cd2c308980a548bd0bc5aa4306c6c18",
        "goblinAddress": "0xc3c16508e77e99e67cfcd30b765e48a5a33d4c9d",
        "lpTokenAddress": "0xc639187ef82271d8f517de6feae4faf5b517533c",
        "lpStakingAddress": "0x73feaa1ee314f8c655e354234017be2193c9e24e",
        "hasTradingFeeAPY": true,
        "hasFarmingAPY": true,
        "leverages": [1, 1.5, 2, 2.5, 3],
        "logo": "/static/tokens/band.png"
      },
      {
        "exchange": "Pancake V1",
        "name": "BNB/YFI",
        "id": 24,
        "tokenAddress": "0x88f1a5ae2a3bf98aeaf342d26b30a79438c9142e",
        "goblinAddress": "0x3663aedebb70dcf0a64e2600233d6913dd3ecf2b",
        "lpTokenAddress": "0x68ff2ca47d27db5ac0b5c46587645835dd51d3c1",
        "lpStakingAddress": "0x73feaa1ee314f8c655e354234017be2193c9e24e",
        "hasTradingFeeAPY": true,
        "hasFarmingAPY": true,
        "leverages": [1, 1.5, 2, 2.5, 3],
        "logo": "/static/tokens/yfi.png"
      },
      {
        "exchange": "Pancake V1",
        "name": "BNB/ALPHA",
        "id": 16,
        "tokenAddress": "0xa1faa113cbe53436df28ff0aee54275c13b40975",
        "goblinAddress": "0xa0aa119e0324d864831c24b78e85927526e42d52",
        "lpTokenAddress": "0x4e0f3385d932f7179dee045369286ffa6b03d887",
        "lpStakingAddress": "0x73feaa1ee314f8c655e354234017be2193c9e24e",
        "hasTradingFeeAPY": true,
        "hasFarmingAPY": true,
        "leverages": [1, 1.5, 2, 2.5],
        "logo": "/static/tokens/alpha.png"
      },
      {
        "exchange": "Pancake V1",
        "name": "BNB/INJ",
        "id": 27,
        "leverages": [1, 1.5, 2, 2.5],
        "tokenAddress": "0xa2b726b1145a4773f68593cf171187d8ebe4d495",
        "goblinAddress": "0x62e32e6ebeabf776b59f5dfb9b364779c3a64137",
        "lpTokenAddress": "0x7a34bd64d18e44cfde3ef4b81b87baf3eb3315b6",
        "lpStakingAddress": "0x73feaa1ee314f8c655e354234017be2193c9e24e",
        "hasTradingFeeAPY": true,
        "hasFarmingAPY": true,
        "logo": "/static/tokens/inj.png"
      },
      {
        "exchange": "Pancake V1",
        "name": "BNB/DOT",
        "id": 5,
        "leverages": [1, 1.5, 2, 2.5],
        "tokenAddress": "0x7083609fce4d1d8dc0c979aab8c869ea2c873402",
        "goblinAddress": "0x567f4a45d45945a75898be4cad299a8f32c86d08",
        "lpTokenAddress": "0xbcd62661a6b1ded703585d3af7d7649ef4dcdb5c",
        "lpStakingAddress": "0x73feaa1ee314f8c655e354234017be2193c9e24e",
        "hasTradingFeeAPY": true,
        "hasFarmingAPY": true,
        "logo": "'/static/tokens/dot.png'"
      },
  
      {
        "exchange": "Pancake V2",
        "name": "BNB/CAKE",
        "id": 251,
        "tokenAddress": "0x0e09fabb73bd3ade0a17ecc321fd13a19e81ce82",
        "goblinAddress": "0x5a71a15037de71d52d8b27b6a637b617b4fae261",
        "lpTokenAddress": "0x0ed7e52944161450477ee417de9cd3a859b14fd0",
        "lpStakingAddress": "0x73feaa1ee314f8c655e354234017be2193c9e24e",
        "hasTradingFeeAPY": true,
        "hasFarmingAPY": true,
        "leverages": [1, 1.5, 2, 2.5],
        "logo": "/static/tokens/cake.png"
      },
      {
        "exchange": "Pancake V2",
        "name": "BNB/BUSD",
        "id": 252,
        "tokenAddress": "0xe9e7cea3dedca5984780bafc599bd69add087d56",
        "goblinAddress": "0xa25ad83285e0d0989b1409b3755be7e30bb821d7",
        "lpTokenAddress": "0x58f876857a02d6762e0101bb5c46a8c1ed44dc16",
        "lpStakingAddress": "0x73feaa1ee314f8c655e354234017be2193c9e24e",
        "hasTradingFeeAPY": true,
        "hasFarmingAPY": true,
        "leverages": [1, 1.5, 2, 2.5, 3],
        "logo": "/static/tokens/busd.png"
      },
      {
        "exchange": "Pancake V2",
        "name": "BNB/BTCB",
        "id": 262,
        "tokenAddress": "0x7130d2a12b9bcbfae4f2634d864a1ee1ce3ead9c",
        "goblinAddress": "0x44ae9dfaf7597c3665fb25ed31b5a32bab12ebc4",
        "lpTokenAddress": "0x61eb789d75a95caa3ff50ed7e47b96c132fec082",
        "lpStakingAddress": "0x73feaa1ee314f8c655e354234017be2193c9e24e",
        "hasTradingFeeAPY": true,
        "hasFarmingAPY": true,
        "leverages": [1, 1.5, 2, 2.5, 3],
        "logo": "/static/tokens/btcb.png"
      },
      {
        "exchange": "Pancake V2",
        "name": "BNB/ETH",
        "id": 261,
        "tokenAddress": "0x2170ed0880ac9a755fd29b2688956bd959f933f8",
        "goblinAddress": "0x1601b34b8ae3378c7c2df675a37a7064164c74ca",
        "lpTokenAddress": "0x74e4716e431f45807dcf19f284c7aa99f18a4fbc",
        "lpStakingAddress": "0x73feaa1ee314f8c655e354234017be2193c9e24e",
        "hasTradingFeeAPY": true,
        "hasFarmingAPY": true,
        "leverages": [1, 1.5, 2, 2.5, 3],
        "logo": "/static/tokens/eth.png"
      },
      {
        "exchange": "Pancake V2",
        "name": "BNB/USDT",
        "id": 264,
        "tokenAddress": "0x55d398326f99059ff775485246999027b3197955",
        "goblinAddress": "0x22bb68bd0b113ccf688e0759ac0b4abc013df824",
        "lpTokenAddress": "0x16b9a82891338f9ba80e2d6970fdda79d1eb0dae",
        "lpStakingAddress": "0x73feaa1ee314f8c655e354234017be2193c9e24e",
        "hasTradingFeeAPY": true,
        "hasFarmingAPY": true,
        "leverages": [1, 1.5, 2, 2.5, 3],
        "logo": "/static/tokens/usdt.png"
      },
      {
        "exchange": "Pancake V2",
        "name": "BNB/UNI",
        "id": 268,
        "tokenAddress": "0xbf5140a22578168fd562dccf235e5d43a02ce9b1",
        "goblinAddress": "0xc07e4cc403b093bd94d80f30c78b63080a79cd10",
        "lpTokenAddress": "0x014608e87af97a054c9a49f81e1473076d51d9a3",
        "lpStakingAddress": "0x73feaa1ee314f8c655e354234017be2193c9e24e",
        "hasTradingFeeAPY": true,
        "hasFarmingAPY": true,
        "leverages": [1, 1.5, 2, 2.5, 3],
        "logo": "/static/tokens/uni.png"
      },
      {
        "exchange": "Pancake V2",
        "name": "BNB/LINK",
        "id": 257,
        "tokenAddress": "0xf8a0bf9cf54bb92f17374d9e9a321e6a111a51bd",
        "goblinAddress": "0x8252aa78372b59d53e1c001d98f400611e9d2a20",
        "lpTokenAddress": "0x824eb9fadfb377394430d2744fa7c42916de3ece",
        "lpStakingAddress": "0x73feaa1ee314f8c655e354234017be2193c9e24e",
        "hasTradingFeeAPY": true,
        "hasFarmingAPY": true,
        "leverages": [1, 1.5, 2, 2.5, 3],
        "logo": "/static/tokens/link.png"
      },
      {
        "exchange": "Pancake V2",
        "name": "BNB/BAND",
        "id": 254,
        "tokenAddress": "0xad6caeb32cd2c308980a548bd0bc5aa4306c6c18",
        "goblinAddress": "0x7b4b9e3d52296416b7e0396593b5d885cdb27472",
        "lpTokenAddress": "0x168b273278f3a8d302de5e879aa30690b7e6c28f",
        "lpStakingAddress": "0x73feaa1ee314f8c655e354234017be2193c9e24e",
        "hasTradingFeeAPY": true,
        "hasFarmingAPY": true,
        "leverages": [1, 1.5, 2, 2.5, 3],
        "logo": "/static/tokens/band.png"
      },
      {
        "exchange": "Pancake V2",
        "name": "BNB/YFI",
        "id": 267,
        "tokenAddress": "0x88f1a5ae2a3bf98aeaf342d26b30a79438c9142e",
        "goblinAddress": "0x7e52d9dbaf0366aaec36175d551b21762336ecdb",
        "lpTokenAddress": "0xce383277847f8217392eea98c5a8b4a7d27811b0",
        "lpStakingAddress": "0x73feaa1ee314f8c655e354234017be2193c9e24e",
        "hasTradingFeeAPY": true,
        "hasFarmingAPY": true,
        "leverages": [1, 1.5, 2, 2.5, 3],
        "logo": "/static/tokens/yfi.png",
        "deprecated": true
      },
      {
        "exchange": "Pancake V2",
        "name": "BNB/ALPHA",
        "id": 263,
        "tokenAddress": "0xa1faa113cbe53436df28ff0aee54275c13b40975",
        "goblinAddress": "0x78cffa390b2355b14aacaf97571da3be817c84bf",
        "lpTokenAddress": "0xacf47cbeaab5c8a6ee99263cfe43995f89fb3206",
        "lpStakingAddress": "0x73feaa1ee314f8c655e354234017be2193c9e24e",
        "hasTradingFeeAPY": true,
        "hasFarmingAPY": true,
        "leverages": [1, 1.5, 2, 2.5],
        "logo": "/static/tokens/alpha.png"
      },
      {
        "exchange": "Pancake V2",
        "name": "BNB/INJ",
        "id": 270,
        "leverages": [1, 1.5, 2, 2.5],
        "tokenAddress": "0xa2b726b1145a4773f68593cf171187d8ebe4d495",
        "goblinAddress": "0xc2dc871a7ded817d8a960d2f2ceae6edb377c73f",
        "lpTokenAddress": "0x1bdcebca3b93af70b58c41272aea2231754b23ca",
        "lpStakingAddress": "0x73feaa1ee314f8c655e354234017be2193c9e24e",
        "hasTradingFeeAPY": true,
        "hasFarmingAPY": true,
        "logo": "/static/tokens/inj.png"
      },
      {
        "exchange": "Pancake V2",
        "name": "BNB/DOT",
        "id": 255,
        "leverages": [1, 1.5, 2, 2.5],
        "tokenAddress": "0x7083609fce4d1d8dc0c979aab8c869ea2c873402",
        "goblinAddress": "0xaef73ea3a6f3f302af20a154c68996790bbaa85e",
        "lpTokenAddress": "0xdd5bad8f8b360d76d12fda230f8baf42fe0022cf",
        "lpStakingAddress": "0x73feaa1ee314f8c655e354234017be2193c9e24e",
        "hasTradingFeeAPY": true,
        "hasFarmingAPY": true,
        "logo": "'/static/tokens/dot.png'"
      },
      {
        "tokenLogos": ["/static/tokens/bnb.png", "/static/tokens/xvs.png"],
        "exchange": "Pancake V2",
        "name": "BNB/XVS",
        "id": 260,
        "leverages": [1, 1.5, 2],
        "tokenAddress": "0xcf6bb5389c92bdda8a3747ddb454cb7a64626c63",
        "goblinAddress": "0x8f543b602e0bf1cc652c10f50d0ad853185a5f26",
        "lpTokenAddress": "0x7eb5d86fd78f3852a3e0e064f2842d45a3db6ea2",
        "lpStakingAddress": "0x73feaa1ee314f8c655e354234017be2193c9e24e",
        "logo": "/static/tokens/xvs.png",
        "hasTradingFeeAPY": true,
        "hasFarmingAPY": true
      },
      {
        "logo": "/static/tokens/front.png",
        "exchange": "Pancake V2",
        "name": "BNB/FRONT",
        "id": 287,
        "leverages": [1, 1.5, 2],
        "tokenAddress": "0x928e55dab735aa8260af3cedada18b5f70c72f1b",
        "goblinAddress": "0xcd168c28c17aef8d47b88ff0904ef5bf1c806000",
        "lpTokenAddress": "0xc6b668548aa4a56792e8002a920d3159728121d5",
        "lpStakingAddress": "0x73feaa1ee314f8c655e354234017be2193c9e24e",
        "hasTradingFeeAPY": true,
        "hasFarmingAPY": true
      }
    ],
    "exchanges": {
      "Pancake": {
        "name": "Pancake V1",
        "reward": {
          "tokenName": "CAKE",
          "rewardPerPoolPerYear": "0",
          "rewardTokenAddress": "0x0e09fabb73bd3ade0a17ecc321fd13a19e81ce82",
          "rewardBNBLpTokenAddress": "0xa527a61703d82139f8a06bc30097cc9caa2df5a6"
        }
      },
      "PancakeV2": {
        "name": "Pancake V2",
        "reward": {
          "tokenName": "CAKE",
          "rewardPerPoolPerYear": "0",
          "rewardTokenAddress": "0x0e09fabb73bd3ade0a17ecc321fd13a19e81ce82",
          "rewardBNBLpTokenAddress": "0x0ed7e52944161450477ee417de9cd3a859b14fd0"
        }
      }
    }
  }