{
    "token": {
        "type": "function",
        "stateMutability": "view",
        "outputs": [
            {
                "type": "address",
                "name": "",
                "internalType": "contract IERC20"
            }
        ],
        "name": "token",
        "inputs": []
    },
    "balance": {
        "type": "function",
        "stateMutability": "view",
        "outputs": [
            {
                "type": "uint256",
                "name": "",
                "internalType": "uint256"
            }
        ],
        "name": "balance",
        "inputs": []
    },
    "want": {
        "type": "function",
        "stateMutability": "view",
        "outputs": [
            {
                "type": "address",
                "name": "",
                "internalType": "contract IERC20"
            }
        ],
        "name": "want",
        "inputs": []
    }
}