{
  "1Swap": {
    "getTokenBalances": {
      "inputs": [],
      "name": "getTokenBalances",
      "outputs": [
        {
          "internalType": "uint256[]",
          "name": "",
          "type": "uint256[]"
        }
      ],
      "stateMutability": "view",
      "type": "function"
    },
    "getTokens": {
      "inputs": [],
      "name": "getTokens",
      "outputs": [
        {
          "internalType": "contract IERC20[]",
          "name": "",
          "type": "address[]"
        }
      ],
      "stateMutability": "view",
      "type": "function"
    }
  }
}
