timestamp	git_sha	setup_time_seconds	browser	notes
2026-03-19T07:39:09Z	5befef4073	19	chrome	
2026-03-19T07:44:57Z	5befef4073	14	chrome	
2026-03-19T07:47:26Z	0a4c521150	13	chrome	
2026-03-19T07:48:34Z	cc6105a5e6	13	chrome	
2026-03-19T07:50:00Z	cc6105a5e6	14	chrome	
2026-03-19T07:50:22Z	cc6105a5e6	14	chrome	
2026-03-19T07:51:10Z	cc6105a5e6	24	firefox	
2026-03-19T07:55:33Z	aed9f79a5d	16	chrome	
2026-03-19T07:55:47Z	aed9f79a5d	13	chrome	
2026-03-19T07:56:01Z	aed9f79a5d	13	chrome	
2026-03-19T07:56:46Z	aed9f79a5d	13	chrome	
2026-03-19T07:57:01Z	aed9f79a5d	14	chrome	
2026-03-19T07:57:15Z	aed9f79a5d	13	chrome	
2026-03-19T07:57:40Z	aed9f79a5d	13	chrome	
2026-03-19T07:57:55Z	aed9f79a5d	14	chrome	
2026-03-19T07:58:09Z	aed9f79a5d	13	chrome	
2026-03-19T08:01:40Z	fa36b17a25	13	chrome	
2026-03-19T08:01:55Z	fa36b17a25	13	chrome	
2026-03-19T08:02:09Z	fa36b17a25	13	chrome	
2026-03-19T08:02:34Z	fa36b17a25	13	chrome	
2026-03-19T08:02:48Z	fa36b17a25	13	chrome	
2026-03-19T08:03:03Z	fa36b17a25	14	chrome	
2026-03-19T08:03:21Z	fa36b17a25	14	chrome	
2026-03-19T08:03:35Z	fa36b17a25	13	chrome	
2026-03-19T08:03:50Z	fa36b17a25	13	chrome	
2026-03-19T08:07:19Z	9f22c6e302	13	chrome	
2026-03-19T08:07:34Z	9f22c6e302	14	chrome	
2026-03-19T08:07:48Z	9f22c6e302	13	chrome	
2026-03-19T08:08:52Z	9f22c6e302	14	chrome	
2026-03-19T08:09:06Z	9f22c6e302	13	chrome	
2026-03-19T08:09:21Z	9f22c6e302	14	chrome	
2026-03-19T08:09:53Z	9f22c6e302	13	chrome	
2026-03-19T08:10:07Z	9f22c6e302	13	chrome	
2026-03-19T08:10:22Z	9f22c6e302	14	chrome	
2026-03-19T08:10:40Z	9f22c6e302	13	chrome	
2026-03-19T08:10:55Z	9f22c6e302	14	chrome	
2026-03-19T08:11:09Z	9f22c6e302	13	chrome	
2026-03-19T08:11:30Z	9f22c6e302	14	chrome	
2026-03-19T08:11:44Z	9f22c6e302	13	chrome	
2026-03-19T08:11:58Z	9f22c6e302	13	chrome	
